{"cameraMode":{"drawMode":0,"name":"Shaded","section":"Shading Mode"},"sceneLighting":false,"audioPlay":false,"sceneViewState":{"showFog":true,"showMaterialUpdate":false,"showSkybox":true,"showFlares":true,"showImageEffects":true,"showParticleSystems":true},"in2DMode":false,"pivot":{"x":-0.11270880699157715,"y":0.22513055801391602,"z":1.9694606065750123},"rotation":{"x":-0.04379458352923393,"y":-0.006896423175930977,"z":0.0003023740719072521,"w":-0.9990177750587463},"size":7.079623222351074,"orthographic":false}